metric,indicator,demographic_category,demographic_value,date_type,date_value_start,date_value_end,value,unit,Week,description
RSV,rsv cases,Citywide,Boston,Weekly,2017-12-31,2018-01-06,10,count,1,NA
RSV,rsv cases,Citywide,Boston,Weekly,2018-01-07,2018-01-13,9,count,2,NA
RSV,rsv cases,Citywide,Boston,Weekly,2018-01-14,2018-01-20,19,count,3,NA
RSV,rsv cases,Citywide,Boston,Weekly,2018-01-21,2018-01-27,10,count,4,NA
RSV,rsv cases,Citywide,Boston,Weekly,2018-01-28,2018-02-03,17,count,5,NA
RSV,rsv cases,Citywide,Boston,Weekly,2018-02-04,2018-02-10,14,count,6,NA
RSV,rsv cases,Citywide,Boston,Weekly,2018-02-11,2018-02-17,14,count,7,NA
RSV,rsv cases,Citywide,Boston,Weekly,2018-02-18,2018-02-24,7,count,8,NA
RSV,rsv cases,Citywide,Boston,Weekly,2018-02-25,2018-03-03,8,count,9,NA
RSV,rsv cases,Citywide,Boston,Weekly,2018-03-04,2018-03-10,6,count,10,NA
RSV,rsv cases,Citywide,Boston,Weekly,2018-03-11,2018-03-17,8,count,11,NA
RSV,rsv cases,Citywide,Boston,Weekly,2018-03-18,2018-03-24,1,count,12,NA
RSV,rsv cases,Citywide,Boston,Weekly,2018-03-25,2018-03-31,1,count,13,NA
RSV,rsv cases,Citywide,Boston,Weekly,2018-04-01,2018-04-07,3,count,14,NA
RSV,rsv cases,Citywide,Boston,Weekly,2018-04-08,2018-04-14,3,count,15,NA
RSV,rsv cases,Citywide,Boston,Weekly,2018-04-15,2018-04-21,2,count,16,NA
RSV,rsv cases,Citywide,Boston,Weekly,2018-04-22,2018-04-28,2,count,17,NA
RSV,rsv cases,Citywide,Boston,Weekly,2018-05-06,2018-05-12,1,count,19,NA
RSV,rsv cases,Citywide,Boston,Weekly,2018-06-10,2018-06-16,1,count,24,NA
RSV,rsv cases,Citywide,Boston,Weekly,2018-09-30,2018-10-06,1,count,40,NA
RSV,rsv cases,Citywide,Boston,Weekly,2018-10-07,2018-10-13,1,count,41,NA
RSV,rsv cases,Citywide,Boston,Weekly,2018-10-28,2018-11-03,2,count,44,NA
RSV,rsv cases,Citywide,Boston,Weekly,2018-11-04,2018-11-10,6,count,45,NA
RSV,rsv cases,Citywide,Boston,Weekly,2018-11-11,2018-11-17,8,count,46,NA
RSV,rsv cases,Citywide,Boston,Weekly,2018-11-18,2018-11-24,2,count,47,NA
RSV,rsv cases,Citywide,Boston,Weekly,2018-11-25,2018-12-01,8,count,48,NA
RSV,rsv cases,Citywide,Boston,Weekly,2018-12-02,2018-12-08,8,count,49,NA
RSV,rsv cases,Citywide,Boston,Weekly,2018-12-09,2018-12-15,10,count,50,NA
RSV,rsv cases,Citywide,Boston,Weekly,2018-12-16,2018-12-22,7,count,51,NA
RSV,rsv cases,Citywide,Boston,Weekly,2018-12-23,2018-12-29,20,count,52,NA
RSV,rsv cases,Citywide,Boston,Weekly,2018-12-30,2019-01-05,21,count,1,NA
RSV,rsv cases,Citywide,Boston,Weekly,2019-01-06,2019-01-12,16,count,2,NA
RSV,rsv cases,Citywide,Boston,Weekly,2019-01-13,2019-01-19,18,count,3,NA
RSV,rsv cases,Citywide,Boston,Weekly,2019-01-20,2019-01-26,17,count,4,NA
RSV,rsv cases,Citywide,Boston,Weekly,2019-01-27,2019-02-02,14,count,5,NA
RSV,rsv cases,Citywide,Boston,Weekly,2019-02-03,2019-02-09,13,count,6,NA
RSV,rsv cases,Citywide,Boston,Weekly,2019-02-10,2019-02-16,4,count,7,NA
RSV,rsv cases,Citywide,Boston,Weekly,2019-02-17,2019-02-23,7,count,8,NA
RSV,rsv cases,Citywide,Boston,Weekly,2019-02-24,2019-03-02,3,count,9,NA
RSV,rsv cases,Citywide,Boston,Weekly,2019-03-03,2019-03-09,4,count,10,NA
RSV,rsv cases,Citywide,Boston,Weekly,2019-03-10,2019-03-16,4,count,11,NA
RSV,rsv cases,Citywide,Boston,Weekly,2019-03-17,2019-03-23,5,count,12,NA
RSV,rsv cases,Citywide,Boston,Weekly,2019-03-24,2019-03-30,3,count,13,NA
RSV,rsv cases,Citywide,Boston,Weekly,2019-03-31,2019-04-06,6,count,14,NA
RSV,rsv cases,Citywide,Boston,Weekly,2019-04-07,2019-04-13,8,count,15,NA
RSV,rsv cases,Citywide,Boston,Weekly,2019-04-14,2019-04-20,1,count,16,NA
RSV,rsv cases,Citywide,Boston,Weekly,2019-04-28,2019-05-04,2,count,18,NA
RSV,rsv cases,Citywide,Boston,Weekly,2019-05-05,2019-05-11,1,count,19,NA
RSV,rsv cases,Citywide,Boston,Weekly,2019-05-19,2019-05-25,1,count,21,NA
RSV,rsv cases,Citywide,Boston,Weekly,2019-05-26,2019-06-01,1,count,22,NA
RSV,rsv cases,Citywide,Boston,Weekly,2019-06-09,2019-06-15,1,count,24,NA
RSV,rsv cases,Citywide,Boston,Weekly,2019-06-16,2019-06-22,3,count,25,NA
RSV,rsv cases,Citywide,Boston,Weekly,2019-06-30,2019-07-06,1,count,27,NA
RSV,rsv cases,Citywide,Boston,Weekly,2019-09-01,2019-09-07,1,count,36,NA
RSV,rsv cases,Citywide,Boston,Weekly,2019-09-08,2019-09-14,2,count,37,NA
RSV,rsv cases,Citywide,Boston,Weekly,2019-09-22,2019-09-28,2,count,39,NA
RSV,rsv cases,Citywide,Boston,Weekly,2019-10-06,2019-10-12,1,count,41,NA
RSV,rsv cases,Citywide,Boston,Weekly,2019-10-20,2019-10-26,10,count,43,NA
RSV,rsv cases,Citywide,Boston,Weekly,2019-10-27,2019-11-02,4,count,44,NA
RSV,rsv cases,Citywide,Boston,Weekly,2019-11-03,2019-11-09,9,count,45,NA
RSV,rsv cases,Citywide,Boston,Weekly,2019-11-10,2019-11-16,17,count,46,NA
RSV,rsv cases,Citywide,Boston,Weekly,2019-11-17,2019-11-23,9,count,47,NA
RSV,rsv cases,Citywide,Boston,Weekly,2019-11-24,2019-11-30,10,count,48,NA
RSV,rsv cases,Citywide,Boston,Weekly,2019-12-01,2019-12-07,22,count,49,NA
RSV,rsv cases,Citywide,Boston,Weekly,2019-12-08,2019-12-14,25,count,50,NA
RSV,rsv cases,Citywide,Boston,Weekly,2019-12-15,2019-12-21,23,count,51,NA
RSV,rsv cases,Citywide,Boston,Weekly,2019-12-22,2019-12-28,38,count,52,NA
RSV,rsv cases,Citywide,Boston,Weekly,2019-12-29,2020-01-04,35,count,1,NA
RSV,rsv cases,Citywide,Boston,Weekly,2020-01-05,2020-01-11,23,count,2,NA
RSV,rsv cases,Citywide,Boston,Weekly,2020-01-12,2020-01-18,24,count,3,NA
RSV,rsv cases,Citywide,Boston,Weekly,2020-01-19,2020-01-25,20,count,4,NA
RSV,rsv cases,Citywide,Boston,Weekly,2020-01-26,2020-02-01,25,count,5,NA
RSV,rsv cases,Citywide,Boston,Weekly,2020-02-02,2020-02-08,19,count,6,NA
RSV,rsv cases,Citywide,Boston,Weekly,2020-02-09,2020-02-15,18,count,7,NA
RSV,rsv cases,Citywide,Boston,Weekly,2020-02-16,2020-02-22,7,count,8,NA
RSV,rsv cases,Citywide,Boston,Weekly,2020-02-23,2020-02-29,9,count,9,NA
RSV,rsv cases,Citywide,Boston,Weekly,2020-03-01,2020-03-07,5,count,10,NA
RSV,rsv cases,Citywide,Boston,Weekly,2020-03-08,2020-03-14,11,count,11,NA
RSV,rsv cases,Citywide,Boston,Weekly,2020-03-15,2020-03-21,7,count,12,NA
RSV,rsv cases,Citywide,Boston,Weekly,2020-03-22,2020-03-28,8,count,13,NA
RSV,rsv cases,Citywide,Boston,Weekly,2020-03-29,2020-04-04,1,count,14,NA
RSV,rsv cases,Citywide,Boston,Weekly,2020-09-27,2020-10-03,1,count,40,NA
RSV,rsv cases,Citywide,Boston,Weekly,2020-10-04,2020-10-10,1,count,41,NA
RSV,rsv cases,Citywide,Boston,Weekly,2020-11-29,2020-12-05,1,count,49,NA
RSV,rsv cases,Citywide,Boston,Weekly,2020-12-06,2020-12-12,1,count,50,NA
RSV,rsv cases,Citywide,Boston,Weekly,2020-12-27,2021-01-02,1,count,53,NA
RSV,rsv cases,Citywide,Boston,Weekly,2021-02-21,2021-02-27,1,count,8,NA
RSV,rsv cases,Citywide,Boston,Weekly,2021-02-28,2021-03-06,1,count,9,NA
RSV,rsv cases,Citywide,Boston,Weekly,2021-03-07,2021-03-13,1,count,10,NA
RSV,rsv cases,Citywide,Boston,Weekly,2021-03-14,2021-03-20,2,count,11,NA
RSV,rsv cases,Citywide,Boston,Weekly,2021-03-21,2021-03-27,3,count,12,NA
RSV,rsv cases,Citywide,Boston,Weekly,2021-04-04,2021-04-10,2,count,14,NA
RSV,rsv cases,Citywide,Boston,Weekly,2021-04-18,2021-04-24,1,count,16,NA
RSV,rsv cases,Citywide,Boston,Weekly,2021-04-25,2021-05-01,2,count,17,NA
RSV,rsv cases,Citywide,Boston,Weekly,2021-05-09,2021-05-15,4,count,19,NA
RSV,rsv cases,Citywide,Boston,Weekly,2021-06-06,2021-06-12,1,count,23,NA
RSV,rsv cases,Citywide,Boston,Weekly,2021-06-13,2021-06-19,1,count,24,NA
RSV,rsv cases,Citywide,Boston,Weekly,2021-06-20,2021-06-26,7,count,25,NA
RSV,rsv cases,Citywide,Boston,Weekly,2021-06-27,2021-07-03,2,count,26,NA
RSV,rsv cases,Citywide,Boston,Weekly,2021-07-04,2021-07-10,7,count,27,NA
RSV,rsv cases,Citywide,Boston,Weekly,2021-07-11,2021-07-17,4,count,28,NA
RSV,rsv cases,Citywide,Boston,Weekly,2021-07-18,2021-07-24,10,count,29,NA
RSV,rsv cases,Citywide,Boston,Weekly,2021-07-25,2021-07-31,22,count,30,NA
RSV,rsv cases,Citywide,Boston,Weekly,2021-08-01,2021-08-07,18,count,31,NA
RSV,rsv cases,Citywide,Boston,Weekly,2021-08-08,2021-08-14,17,count,32,NA
RSV,rsv cases,Citywide,Boston,Weekly,2021-08-15,2021-08-21,24,count,33,NA
RSV,rsv cases,Citywide,Boston,Weekly,2021-08-22,2021-08-28,31,count,34,NA
RSV,rsv cases,Citywide,Boston,Weekly,2021-08-29,2021-09-04,53,count,35,NA
RSV,rsv cases,Citywide,Boston,Weekly,2021-09-05,2021-09-11,37,count,36,NA
RSV,rsv cases,Citywide,Boston,Weekly,2021-09-12,2021-09-18,29,count,37,NA
RSV,rsv cases,Citywide,Boston,Weekly,2021-09-19,2021-09-25,34,count,38,NA
RSV,rsv cases,Citywide,Boston,Weekly,2021-09-26,2021-10-02,39,count,39,NA
RSV,rsv cases,Citywide,Boston,Weekly,2021-10-03,2021-10-09,29,count,40,NA
RSV,rsv cases,Citywide,Boston,Weekly,2021-10-10,2021-10-16,47,count,41,NA
RSV,rsv cases,Citywide,Boston,Weekly,2021-10-17,2021-10-23,56,count,42,NA
RSV,rsv cases,Citywide,Boston,Weekly,2021-10-24,2021-10-30,21,count,43,NA
RSV,rsv cases,Citywide,Boston,Weekly,2021-10-31,2021-11-06,29,count,44,NA
RSV,rsv cases,Citywide,Boston,Weekly,2021-11-07,2021-11-13,34,count,45,NA
RSV,rsv cases,Citywide,Boston,Weekly,2021-11-14,2021-11-20,34,count,46,NA
RSV,rsv cases,Citywide,Boston,Weekly,2021-11-21,2021-11-27,21,count,47,NA
RSV,rsv cases,Citywide,Boston,Weekly,2021-11-28,2021-12-04,27,count,48,NA
RSV,rsv cases,Citywide,Boston,Weekly,2021-12-05,2021-12-11,17,count,49,NA
RSV,rsv cases,Citywide,Boston,Weekly,2021-12-12,2021-12-18,17,count,50,NA
RSV,rsv cases,Citywide,Boston,Weekly,2021-12-19,2021-12-25,11,count,51,NA
RSV,rsv cases,Citywide,Boston,Weekly,2021-12-26,2022-01-01,19,count,52,NA
RSV,rsv cases,Citywide,Boston,Weekly,2022-01-02,2022-01-08,6,count,1,NA
RSV,rsv cases,Citywide,Boston,Weekly,2022-01-09,2022-01-15,12,count,2,NA
RSV,rsv cases,Citywide,Boston,Weekly,2022-01-16,2022-01-22,5,count,3,NA
RSV,rsv cases,Citywide,Boston,Weekly,2022-01-23,2022-01-29,2,count,4,NA
RSV,rsv cases,Citywide,Boston,Weekly,2022-01-30,2022-02-05,7,count,5,NA
RSV,rsv cases,Citywide,Boston,Weekly,2022-02-06,2022-02-12,1,count,6,NA
RSV,rsv cases,Citywide,Boston,Weekly,2022-02-13,2022-02-19,2,count,7,NA
RSV,rsv cases,Citywide,Boston,Weekly,2022-02-27,2022-03-05,3,count,9,NA
RSV,rsv cases,Citywide,Boston,Weekly,2022-03-06,2022-03-12,1,count,10,NA
RSV,rsv cases,Citywide,Boston,Weekly,2022-03-20,2022-03-26,4,count,12,NA
RSV,rsv cases,Citywide,Boston,Weekly,2022-03-27,2022-04-02,1,count,13,NA
RSV,rsv cases,Citywide,Boston,Weekly,2022-04-03,2022-04-09,1,count,14,NA
RSV,rsv cases,Citywide,Boston,Weekly,2022-04-10,2022-04-16,2,count,15,NA
RSV,rsv cases,Citywide,Boston,Weekly,2022-04-17,2022-04-23,6,count,16,NA
RSV,rsv cases,Citywide,Boston,Weekly,2022-04-24,2022-04-30,6,count,17,NA
RSV,rsv cases,Citywide,Boston,Weekly,2022-05-01,2022-05-07,6,count,18,NA
RSV,rsv cases,Citywide,Boston,Weekly,2022-05-08,2022-05-14,6,count,19,NA
RSV,rsv cases,Citywide,Boston,Weekly,2022-05-15,2022-05-21,4,count,20,NA
RSV,rsv cases,Citywide,Boston,Weekly,2022-05-22,2022-05-28,4,count,21,NA
RSV,rsv cases,Citywide,Boston,Weekly,2022-05-29,2022-06-04,8,count,22,NA
RSV,rsv cases,Citywide,Boston,Weekly,2022-06-05,2022-06-11,3,count,23,NA
RSV,rsv cases,Citywide,Boston,Weekly,2022-06-12,2022-06-18,7,count,24,NA
RSV,rsv cases,Citywide,Boston,Weekly,2022-06-19,2022-06-25,10,count,25,NA
RSV,rsv cases,Citywide,Boston,Weekly,2022-06-26,2022-07-02,9,count,26,NA
RSV,rsv cases,Citywide,Boston,Weekly,2022-07-03,2022-07-09,14,count,27,NA
RSV,rsv cases,Citywide,Boston,Weekly,2022-07-10,2022-07-16,5,count,28,NA
RSV,rsv cases,Citywide,Boston,Weekly,2022-07-17,2022-07-23,5,count,29,NA
RSV,rsv cases,Citywide,Boston,Weekly,2022-07-24,2022-07-30,13,count,30,NA
RSV,rsv cases,Citywide,Boston,Weekly,2022-07-31,2022-08-06,11,count,31,NA
RSV,rsv cases,Citywide,Boston,Weekly,2022-08-07,2022-08-13,20,count,32,NA
RSV,rsv cases,Citywide,Boston,Weekly,2022-08-14,2022-08-20,10,count,33,NA
RSV,rsv cases,Citywide,Boston,Weekly,2022-08-21,2022-08-27,10,count,34,NA
RSV,rsv cases,Citywide,Boston,Weekly,2022-08-28,2022-09-03,13,count,35,NA
RSV,rsv cases,Citywide,Boston,Weekly,2022-09-04,2022-09-10,24,count,36,NA
RSV,rsv cases,Citywide,Boston,Weekly,2022-09-11,2022-09-17,28,count,37,NA
RSV,rsv cases,Citywide,Boston,Weekly,2022-09-18,2022-09-24,28,count,38,NA
RSV,rsv cases,Citywide,Boston,Weekly,2022-09-25,2022-10-01,59,count,39,NA
RSV,rsv cases,Citywide,Boston,Weekly,2022-10-02,2022-10-08,80,count,40,NA
RSV,rsv cases,Citywide,Boston,Weekly,2022-10-09,2022-10-15,103,count,41,NA
RSV,rsv cases,Citywide,Boston,Weekly,2022-10-16,2022-10-22,133,count,42,NA
RSV,rsv cases,Citywide,Boston,Weekly,2022-10-23,2022-10-29,135,count,43,NA
RSV,rsv cases,Citywide,Boston,Weekly,2022-10-30,2022-11-05,141,count,44,NA
RSV,rsv cases,Citywide,Boston,Weekly,2022-11-06,2022-11-12,113,count,45,NA
RSV,rsv cases,Citywide,Boston,Weekly,2022-11-13,2022-11-19,107,count,46,NA
RSV,rsv cases,Citywide,Boston,Weekly,2022-11-20,2022-11-26,83,count,47,NA
RSV,rsv cases,Citywide,Boston,Weekly,2022-11-27,2022-12-03,72,count,48,NA
RSV,rsv cases,Citywide,Boston,Weekly,2022-12-04,2022-12-10,44,count,49,NA
RSV,rsv cases,Citywide,Boston,Weekly,2022-12-11,2022-12-17,27,count,50,NA
RSV,rsv cases,Citywide,Boston,Weekly,2022-12-18,2022-12-24,17,count,51,NA
RSV,rsv cases,Citywide,Boston,Weekly,2022-12-25,2022-12-31,21,count,52,NA
RSV,rsv cases,Citywide,Boston,Weekly,2023-01-01,2023-01-07,18,count,1,NA
RSV,rsv cases,Citywide,Boston,Weekly,2023-01-08,2023-01-14,6,count,2,NA
RSV,rsv cases,Citywide,Boston,Weekly,2023-01-15,2023-01-21,8,count,3,NA
RSV,rsv cases,Citywide,Boston,Weekly,2023-01-22,2023-01-28,9,count,4,NA
RSV,rsv cases,Citywide,Boston,Weekly,2023-01-29,2023-02-04,4,count,5,NA
RSV,rsv cases,Citywide,Boston,Weekly,2023-02-05,2023-02-11,5,count,6,NA
RSV,rsv cases,Citywide,Boston,Weekly,2023-02-12,2023-02-18,3,count,7,NA
RSV,rsv cases,Citywide,Boston,Weekly,2023-02-19,2023-02-25,1,count,8,NA
RSV,rsv cases,Citywide,Boston,Weekly,2023-02-26,2023-03-04,7,count,9,NA
RSV,rsv cases,Citywide,Boston,Weekly,2023-03-05,2023-03-11,2,count,10,NA
RSV,rsv cases,Citywide,Boston,Weekly,2023-03-12,2023-03-18,3,count,11,NA
RSV,rsv cases,Citywide,Boston,Weekly,2023-03-19,2023-03-25,2,count,12,NA
RSV,rsv cases,Citywide,Boston,Weekly,2023-03-26,2023-04-01,2,count,13,NA
RSV,rsv cases,Citywide,Boston,Weekly,2023-04-02,2023-04-08,2,count,14,NA
RSV,rsv cases,Citywide,Boston,Weekly,2023-04-09,2023-04-15,4,count,15,NA
RSV,rsv cases,Citywide,Boston,Weekly,2023-04-23,2023-04-29,1,count,17,NA
RSV,rsv cases,Citywide,Boston,Weekly,2023-04-30,2023-05-06,2,count,18,NA
RSV,rsv cases,Citywide,Boston,Weekly,2023-05-07,2023-05-13,1,count,19,NA
RSV,rsv cases,Citywide,Boston,Weekly,2023-05-21,2023-05-27,4,count,21,NA
RSV,rsv cases,Citywide,Boston,Weekly,2023-05-28,2023-06-03,1,count,22,NA
RSV,rsv cases,Citywide,Boston,Weekly,2023-06-11,2023-06-17,5,count,24,NA
RSV,rsv cases,Citywide,Boston,Weekly,2023-06-18,2023-06-24,2,count,25,NA
RSV,rsv cases,Citywide,Boston,Weekly,2023-06-25,2023-07-01,2,count,26,NA
RSV,rsv cases,Citywide,Boston,Weekly,2023-07-09,2023-07-15,1,count,28,NA
RSV,rsv cases,Citywide,Boston,Weekly,2023-07-16,2023-07-22,1,count,29,NA
RSV,rsv cases,Citywide,Boston,Weekly,2023-07-23,2023-07-29,1,count,30,NA
RSV,rsv cases,Citywide,Boston,Weekly,2023-07-30,2023-08-05,3,count,31,NA
RSV,rsv cases,Citywide,Boston,Weekly,2023-08-06,2023-08-12,1,count,32,NA
RSV,rsv cases,Citywide,Boston,Weekly,2023-08-13,2023-08-19,4,count,33,NA
RSV,rsv cases,Citywide,Boston,Weekly,2023-08-20,2023-08-26,4,count,34,NA
RSV,rsv cases,Citywide,Boston,Weekly,2023-08-27,2023-09-02,7,count,35,NA
RSV,rsv cases,Citywide,Boston,Weekly,2023-09-03,2023-09-09,9,count,36,NA
RSV,rsv cases,Citywide,Boston,Weekly,2023-09-10,2023-09-16,6,count,37,NA
RSV,rsv cases,Citywide,Boston,Weekly,2023-09-17,2023-09-23,14,count,38,NA
RSV,rsv cases,Citywide,Boston,Weekly,2023-09-24,2023-09-30,28,count,39,NA
RSV,rsv cases,Citywide,Boston,Weekly,2023-10-01,2023-10-07,24,count,40,NA
RSV,rsv cases,Citywide,Boston,Weekly,2023-10-08,2023-10-14,33,count,41,NA
RSV,rsv cases,Citywide,Boston,Weekly,2023-10-15,2023-10-21,49,count,42,NA
RSV,rsv cases,Citywide,Boston,Weekly,2023-10-22,2023-10-28,67,count,43,NA
RSV,rsv cases,Citywide,Boston,Weekly,2023-10-29,2023-11-04,84,count,44,NA
RSV,rsv cases,Citywide,Boston,Weekly,2023-11-05,2023-11-11,68,count,45,NA
RSV,rsv cases,Citywide,Boston,Weekly,2023-11-12,2023-11-18,88,count,46,NA
RSV,rsv cases,Citywide,Boston,Weekly,2023-11-19,2023-11-25,73,count,47,NA
RSV,rsv cases,Citywide,Boston,Weekly,2023-11-26,2023-12-02,83,count,48,NA
RSV,rsv cases,Citywide,Boston,Weekly,2023-12-03,2023-12-09,73,count,49,NA
RSV,rsv cases,Citywide,Boston,Weekly,2023-12-10,2023-12-16,58,count,50,NA
RSV,rsv cases,Citywide,Boston,Weekly,2023-12-17,2023-12-23,54,count,51,NA
RSV,rsv cases,Citywide,Boston,Weekly,2023-12-24,2023-12-30,51,count,52,NA
RSV,rsv cases,Citywide,Boston,Weekly,2023-12-31,2024-01-06,40,count,1,NA
RSV,rsv cases,Citywide,Boston,Weekly,2024-01-07,2024-01-13,32,count,2,NA
RSV,rsv cases,Citywide,Boston,Weekly,2024-01-14,2024-01-20,20,count,3,NA
RSV,rsv cases,Citywide,Boston,Weekly,2024-01-21,2024-01-27,11,count,4,NA
RSV,rsv cases,Citywide,Boston,Weekly,2024-01-28,2024-02-03,27,count,5,NA
RSV,rsv cases,Citywide,Boston,Weekly,2024-02-04,2024-02-10,16,count,6,NA
RSV,rsv cases,Citywide,Boston,Weekly,2024-02-11,2024-02-17,7,count,7,NA
RSV,rsv cases,Citywide,Boston,Weekly,2017-12-31,2018-01-06,14.67,"per 1,000,000 residents",1,NA
RSV,rsv cases,Citywide,Boston,Weekly,2018-01-07,2018-01-13,13.2,"per 1,000,000 residents",2,NA
RSV,rsv cases,Citywide,Boston,Weekly,2018-01-14,2018-01-20,27.88,"per 1,000,000 residents",3,NA
RSV,rsv cases,Citywide,Boston,Weekly,2018-01-21,2018-01-27,14.67,"per 1,000,000 residents",4,NA
RSV,rsv cases,Citywide,Boston,Weekly,2018-01-28,2018-02-03,24.94,"per 1,000,000 residents",5,NA
RSV,rsv cases,Citywide,Boston,Weekly,2018-02-04,2018-02-10,20.54,"per 1,000,000 residents",6,NA
RSV,rsv cases,Citywide,Boston,Weekly,2018-02-11,2018-02-17,20.54,"per 1,000,000 residents",7,NA
RSV,rsv cases,Citywide,Boston,Weekly,2018-02-18,2018-02-24,10.27,"per 1,000,000 residents",8,NA
RSV,rsv cases,Citywide,Boston,Weekly,2018-02-25,2018-03-03,11.74,"per 1,000,000 residents",9,NA
RSV,rsv cases,Citywide,Boston,Weekly,2018-03-04,2018-03-10,8.8,"per 1,000,000 residents",10,NA
RSV,rsv cases,Citywide,Boston,Weekly,2018-03-11,2018-03-17,11.74,"per 1,000,000 residents",11,NA
RSV,rsv cases,Citywide,Boston,Weekly,2018-03-18,2018-03-24,1.47,"per 1,000,000 residents",12,NA
RSV,rsv cases,Citywide,Boston,Weekly,2018-03-25,2018-03-31,1.47,"per 1,000,000 residents",13,NA
RSV,rsv cases,Citywide,Boston,Weekly,2018-04-01,2018-04-07,4.4,"per 1,000,000 residents",14,NA
RSV,rsv cases,Citywide,Boston,Weekly,2018-04-08,2018-04-14,4.4,"per 1,000,000 residents",15,NA
RSV,rsv cases,Citywide,Boston,Weekly,2018-04-15,2018-04-21,2.93,"per 1,000,000 residents",16,NA
RSV,rsv cases,Citywide,Boston,Weekly,2018-04-22,2018-04-28,2.93,"per 1,000,000 residents",17,NA
RSV,rsv cases,Citywide,Boston,Weekly,2018-05-06,2018-05-12,1.47,"per 1,000,000 residents",19,NA
RSV,rsv cases,Citywide,Boston,Weekly,2018-06-10,2018-06-16,1.47,"per 1,000,000 residents",24,NA
RSV,rsv cases,Citywide,Boston,Weekly,2018-09-30,2018-10-06,1.47,"per 1,000,000 residents",40,NA
RSV,rsv cases,Citywide,Boston,Weekly,2018-10-07,2018-10-13,1.47,"per 1,000,000 residents",41,NA
RSV,rsv cases,Citywide,Boston,Weekly,2018-10-28,2018-11-03,2.93,"per 1,000,000 residents",44,NA
RSV,rsv cases,Citywide,Boston,Weekly,2018-11-04,2018-11-10,8.8,"per 1,000,000 residents",45,NA
RSV,rsv cases,Citywide,Boston,Weekly,2018-11-11,2018-11-17,11.74,"per 1,000,000 residents",46,NA
RSV,rsv cases,Citywide,Boston,Weekly,2018-11-18,2018-11-24,2.93,"per 1,000,000 residents",47,NA
RSV,rsv cases,Citywide,Boston,Weekly,2018-11-25,2018-12-01,11.74,"per 1,000,000 residents",48,NA
RSV,rsv cases,Citywide,Boston,Weekly,2018-12-02,2018-12-08,11.74,"per 1,000,000 residents",49,NA
RSV,rsv cases,Citywide,Boston,Weekly,2018-12-09,2018-12-15,14.67,"per 1,000,000 residents",50,NA
RSV,rsv cases,Citywide,Boston,Weekly,2018-12-16,2018-12-22,10.27,"per 1,000,000 residents",51,NA
RSV,rsv cases,Citywide,Boston,Weekly,2018-12-23,2018-12-29,29.34,"per 1,000,000 residents",52,NA
RSV,rsv cases,Citywide,Boston,Weekly,2018-12-30,2019-01-05,30.81,"per 1,000,000 residents",1,NA
RSV,rsv cases,Citywide,Boston,Weekly,2019-01-06,2019-01-12,23.47,"per 1,000,000 residents",2,NA
RSV,rsv cases,Citywide,Boston,Weekly,2019-01-13,2019-01-19,26.41,"per 1,000,000 residents",3,NA
RSV,rsv cases,Citywide,Boston,Weekly,2019-01-20,2019-01-26,24.94,"per 1,000,000 residents",4,NA
RSV,rsv cases,Citywide,Boston,Weekly,2019-01-27,2019-02-02,20.54,"per 1,000,000 residents",5,NA
RSV,rsv cases,Citywide,Boston,Weekly,2019-02-03,2019-02-09,19.07,"per 1,000,000 residents",6,NA
RSV,rsv cases,Citywide,Boston,Weekly,2019-02-10,2019-02-16,5.87,"per 1,000,000 residents",7,NA
RSV,rsv cases,Citywide,Boston,Weekly,2019-02-17,2019-02-23,10.27,"per 1,000,000 residents",8,NA
RSV,rsv cases,Citywide,Boston,Weekly,2019-02-24,2019-03-02,4.4,"per 1,000,000 residents",9,NA
RSV,rsv cases,Citywide,Boston,Weekly,2019-03-03,2019-03-09,5.87,"per 1,000,000 residents",10,NA
RSV,rsv cases,Citywide,Boston,Weekly,2019-03-10,2019-03-16,5.87,"per 1,000,000 residents",11,NA
RSV,rsv cases,Citywide,Boston,Weekly,2019-03-17,2019-03-23,7.34,"per 1,000,000 residents",12,NA
RSV,rsv cases,Citywide,Boston,Weekly,2019-03-24,2019-03-30,4.4,"per 1,000,000 residents",13,NA
RSV,rsv cases,Citywide,Boston,Weekly,2019-03-31,2019-04-06,8.8,"per 1,000,000 residents",14,NA
RSV,rsv cases,Citywide,Boston,Weekly,2019-04-07,2019-04-13,11.74,"per 1,000,000 residents",15,NA
RSV,rsv cases,Citywide,Boston,Weekly,2019-04-14,2019-04-20,1.47,"per 1,000,000 residents",16,NA
RSV,rsv cases,Citywide,Boston,Weekly,2019-04-28,2019-05-04,2.93,"per 1,000,000 residents",18,NA
RSV,rsv cases,Citywide,Boston,Weekly,2019-05-05,2019-05-11,1.47,"per 1,000,000 residents",19,NA
RSV,rsv cases,Citywide,Boston,Weekly,2019-05-19,2019-05-25,1.47,"per 1,000,000 residents",21,NA
RSV,rsv cases,Citywide,Boston,Weekly,2019-05-26,2019-06-01,1.47,"per 1,000,000 residents",22,NA
RSV,rsv cases,Citywide,Boston,Weekly,2019-06-09,2019-06-15,1.47,"per 1,000,000 residents",24,NA
RSV,rsv cases,Citywide,Boston,Weekly,2019-06-16,2019-06-22,4.4,"per 1,000,000 residents",25,NA
RSV,rsv cases,Citywide,Boston,Weekly,2019-06-30,2019-07-06,1.47,"per 1,000,000 residents",27,NA
RSV,rsv cases,Citywide,Boston,Weekly,2019-09-01,2019-09-07,1.47,"per 1,000,000 residents",36,NA
RSV,rsv cases,Citywide,Boston,Weekly,2019-09-08,2019-09-14,2.93,"per 1,000,000 residents",37,NA
RSV,rsv cases,Citywide,Boston,Weekly,2019-09-22,2019-09-28,2.93,"per 1,000,000 residents",39,NA
RSV,rsv cases,Citywide,Boston,Weekly,2019-10-06,2019-10-12,1.47,"per 1,000,000 residents",41,NA
RSV,rsv cases,Citywide,Boston,Weekly,2019-10-20,2019-10-26,14.67,"per 1,000,000 residents",43,NA
RSV,rsv cases,Citywide,Boston,Weekly,2019-10-27,2019-11-02,5.87,"per 1,000,000 residents",44,NA
RSV,rsv cases,Citywide,Boston,Weekly,2019-11-03,2019-11-09,13.2,"per 1,000,000 residents",45,NA
RSV,rsv cases,Citywide,Boston,Weekly,2019-11-10,2019-11-16,24.94,"per 1,000,000 residents",46,NA
RSV,rsv cases,Citywide,Boston,Weekly,2019-11-17,2019-11-23,13.2,"per 1,000,000 residents",47,NA
RSV,rsv cases,Citywide,Boston,Weekly,2019-11-24,2019-11-30,14.67,"per 1,000,000 residents",48,NA
RSV,rsv cases,Citywide,Boston,Weekly,2019-12-01,2019-12-07,32.28,"per 1,000,000 residents",49,NA
RSV,rsv cases,Citywide,Boston,Weekly,2019-12-08,2019-12-14,36.68,"per 1,000,000 residents",50,NA
RSV,rsv cases,Citywide,Boston,Weekly,2019-12-15,2019-12-21,33.74,"per 1,000,000 residents",51,NA
RSV,rsv cases,Citywide,Boston,Weekly,2019-12-22,2019-12-28,55.75,"per 1,000,000 residents",52,NA
RSV,rsv cases,Citywide,Boston,Weekly,2019-12-29,2020-01-04,51.35,"per 1,000,000 residents",1,NA
RSV,rsv cases,Citywide,Boston,Weekly,2020-01-05,2020-01-11,33.74,"per 1,000,000 residents",2,NA
RSV,rsv cases,Citywide,Boston,Weekly,2020-01-12,2020-01-18,35.21,"per 1,000,000 residents",3,NA
RSV,rsv cases,Citywide,Boston,Weekly,2020-01-19,2020-01-25,29.34,"per 1,000,000 residents",4,NA
RSV,rsv cases,Citywide,Boston,Weekly,2020-01-26,2020-02-01,36.68,"per 1,000,000 residents",5,NA
RSV,rsv cases,Citywide,Boston,Weekly,2020-02-02,2020-02-08,27.88,"per 1,000,000 residents",6,NA
RSV,rsv cases,Citywide,Boston,Weekly,2020-02-09,2020-02-15,26.41,"per 1,000,000 residents",7,NA
RSV,rsv cases,Citywide,Boston,Weekly,2020-02-16,2020-02-22,10.27,"per 1,000,000 residents",8,NA
RSV,rsv cases,Citywide,Boston,Weekly,2020-02-23,2020-02-29,13.2,"per 1,000,000 residents",9,NA
RSV,rsv cases,Citywide,Boston,Weekly,2020-03-01,2020-03-07,7.34,"per 1,000,000 residents",10,NA
RSV,rsv cases,Citywide,Boston,Weekly,2020-03-08,2020-03-14,16.14,"per 1,000,000 residents",11,NA
RSV,rsv cases,Citywide,Boston,Weekly,2020-03-15,2020-03-21,10.27,"per 1,000,000 residents",12,NA
RSV,rsv cases,Citywide,Boston,Weekly,2020-03-22,2020-03-28,11.74,"per 1,000,000 residents",13,NA
RSV,rsv cases,Citywide,Boston,Weekly,2020-03-29,2020-04-04,1.47,"per 1,000,000 residents",14,NA
RSV,rsv cases,Citywide,Boston,Weekly,2020-09-27,2020-10-03,1.47,"per 1,000,000 residents",40,NA
RSV,rsv cases,Citywide,Boston,Weekly,2020-10-04,2020-10-10,1.47,"per 1,000,000 residents",41,NA
RSV,rsv cases,Citywide,Boston,Weekly,2020-11-29,2020-12-05,1.47,"per 1,000,000 residents",49,NA
RSV,rsv cases,Citywide,Boston,Weekly,2020-12-06,2020-12-12,1.47,"per 1,000,000 residents",50,NA
RSV,rsv cases,Citywide,Boston,Weekly,2020-12-27,2021-01-02,1.47,"per 1,000,000 residents",53,NA
RSV,rsv cases,Citywide,Boston,Weekly,2021-02-21,2021-02-27,1.47,"per 1,000,000 residents",8,NA
RSV,rsv cases,Citywide,Boston,Weekly,2021-02-28,2021-03-06,1.47,"per 1,000,000 residents",9,NA
RSV,rsv cases,Citywide,Boston,Weekly,2021-03-07,2021-03-13,1.47,"per 1,000,000 residents",10,NA
RSV,rsv cases,Citywide,Boston,Weekly,2021-03-14,2021-03-20,2.93,"per 1,000,000 residents",11,NA
RSV,rsv cases,Citywide,Boston,Weekly,2021-03-21,2021-03-27,4.4,"per 1,000,000 residents",12,NA
RSV,rsv cases,Citywide,Boston,Weekly,2021-04-04,2021-04-10,2.93,"per 1,000,000 residents",14,NA
RSV,rsv cases,Citywide,Boston,Weekly,2021-04-18,2021-04-24,1.47,"per 1,000,000 residents",16,NA
RSV,rsv cases,Citywide,Boston,Weekly,2021-04-25,2021-05-01,2.93,"per 1,000,000 residents",17,NA
RSV,rsv cases,Citywide,Boston,Weekly,2021-05-09,2021-05-15,5.87,"per 1,000,000 residents",19,NA
RSV,rsv cases,Citywide,Boston,Weekly,2021-06-06,2021-06-12,1.47,"per 1,000,000 residents",23,NA
RSV,rsv cases,Citywide,Boston,Weekly,2021-06-13,2021-06-19,1.47,"per 1,000,000 residents",24,NA
RSV,rsv cases,Citywide,Boston,Weekly,2021-06-20,2021-06-26,10.27,"per 1,000,000 residents",25,NA
RSV,rsv cases,Citywide,Boston,Weekly,2021-06-27,2021-07-03,2.93,"per 1,000,000 residents",26,NA
RSV,rsv cases,Citywide,Boston,Weekly,2021-07-04,2021-07-10,10.27,"per 1,000,000 residents",27,NA
RSV,rsv cases,Citywide,Boston,Weekly,2021-07-11,2021-07-17,5.87,"per 1,000,000 residents",28,NA
RSV,rsv cases,Citywide,Boston,Weekly,2021-07-18,2021-07-24,14.67,"per 1,000,000 residents",29,NA
RSV,rsv cases,Citywide,Boston,Weekly,2021-07-25,2021-07-31,32.28,"per 1,000,000 residents",30,NA
RSV,rsv cases,Citywide,Boston,Weekly,2021-08-01,2021-08-07,26.41,"per 1,000,000 residents",31,NA
RSV,rsv cases,Citywide,Boston,Weekly,2021-08-08,2021-08-14,24.94,"per 1,000,000 residents",32,NA
RSV,rsv cases,Citywide,Boston,Weekly,2021-08-15,2021-08-21,35.21,"per 1,000,000 residents",33,NA
RSV,rsv cases,Citywide,Boston,Weekly,2021-08-22,2021-08-28,45.48,"per 1,000,000 residents",34,NA
RSV,rsv cases,Citywide,Boston,Weekly,2021-08-29,2021-09-04,77.76,"per 1,000,000 residents",35,NA
RSV,rsv cases,Citywide,Boston,Weekly,2021-09-05,2021-09-11,54.28,"per 1,000,000 residents",36,NA
RSV,rsv cases,Citywide,Boston,Weekly,2021-09-12,2021-09-18,42.55,"per 1,000,000 residents",37,NA
RSV,rsv cases,Citywide,Boston,Weekly,2021-09-19,2021-09-25,49.88,"per 1,000,000 residents",38,NA
RSV,rsv cases,Citywide,Boston,Weekly,2021-09-26,2021-10-02,57.22,"per 1,000,000 residents",39,NA
RSV,rsv cases,Citywide,Boston,Weekly,2021-10-03,2021-10-09,42.55,"per 1,000,000 residents",40,NA
RSV,rsv cases,Citywide,Boston,Weekly,2021-10-10,2021-10-16,68.96,"per 1,000,000 residents",41,NA
RSV,rsv cases,Citywide,Boston,Weekly,2021-10-17,2021-10-23,82.16,"per 1,000,000 residents",42,NA
RSV,rsv cases,Citywide,Boston,Weekly,2021-10-24,2021-10-30,30.81,"per 1,000,000 residents",43,NA
RSV,rsv cases,Citywide,Boston,Weekly,2021-10-31,2021-11-06,42.55,"per 1,000,000 residents",44,NA
RSV,rsv cases,Citywide,Boston,Weekly,2021-11-07,2021-11-13,49.88,"per 1,000,000 residents",45,NA
RSV,rsv cases,Citywide,Boston,Weekly,2021-11-14,2021-11-20,49.88,"per 1,000,000 residents",46,NA
RSV,rsv cases,Citywide,Boston,Weekly,2021-11-21,2021-11-27,30.81,"per 1,000,000 residents",47,NA
RSV,rsv cases,Citywide,Boston,Weekly,2021-11-28,2021-12-04,39.61,"per 1,000,000 residents",48,NA
RSV,rsv cases,Citywide,Boston,Weekly,2021-12-05,2021-12-11,24.94,"per 1,000,000 residents",49,NA
RSV,rsv cases,Citywide,Boston,Weekly,2021-12-12,2021-12-18,24.94,"per 1,000,000 residents",50,NA
RSV,rsv cases,Citywide,Boston,Weekly,2021-12-19,2021-12-25,16.14,"per 1,000,000 residents",51,NA
RSV,rsv cases,Citywide,Boston,Weekly,2021-12-26,2022-01-01,27.88,"per 1,000,000 residents",52,NA
RSV,rsv cases,Citywide,Boston,Weekly,2022-01-02,2022-01-08,8.8,"per 1,000,000 residents",1,NA
RSV,rsv cases,Citywide,Boston,Weekly,2022-01-09,2022-01-15,17.61,"per 1,000,000 residents",2,NA
RSV,rsv cases,Citywide,Boston,Weekly,2022-01-16,2022-01-22,7.34,"per 1,000,000 residents",3,NA
RSV,rsv cases,Citywide,Boston,Weekly,2022-01-23,2022-01-29,2.93,"per 1,000,000 residents",4,NA
RSV,rsv cases,Citywide,Boston,Weekly,2022-01-30,2022-02-05,10.27,"per 1,000,000 residents",5,NA
RSV,rsv cases,Citywide,Boston,Weekly,2022-02-06,2022-02-12,1.47,"per 1,000,000 residents",6,NA
RSV,rsv cases,Citywide,Boston,Weekly,2022-02-13,2022-02-19,2.93,"per 1,000,000 residents",7,NA
RSV,rsv cases,Citywide,Boston,Weekly,2022-02-27,2022-03-05,4.4,"per 1,000,000 residents",9,NA
RSV,rsv cases,Citywide,Boston,Weekly,2022-03-06,2022-03-12,1.47,"per 1,000,000 residents",10,NA
RSV,rsv cases,Citywide,Boston,Weekly,2022-03-20,2022-03-26,5.87,"per 1,000,000 residents",12,NA
RSV,rsv cases,Citywide,Boston,Weekly,2022-03-27,2022-04-02,1.47,"per 1,000,000 residents",13,NA
RSV,rsv cases,Citywide,Boston,Weekly,2022-04-03,2022-04-09,1.47,"per 1,000,000 residents",14,NA
RSV,rsv cases,Citywide,Boston,Weekly,2022-04-10,2022-04-16,2.93,"per 1,000,000 residents",15,NA
RSV,rsv cases,Citywide,Boston,Weekly,2022-04-17,2022-04-23,8.8,"per 1,000,000 residents",16,NA
RSV,rsv cases,Citywide,Boston,Weekly,2022-04-24,2022-04-30,8.8,"per 1,000,000 residents",17,NA
RSV,rsv cases,Citywide,Boston,Weekly,2022-05-01,2022-05-07,8.8,"per 1,000,000 residents",18,NA
RSV,rsv cases,Citywide,Boston,Weekly,2022-05-08,2022-05-14,8.8,"per 1,000,000 residents",19,NA
RSV,rsv cases,Citywide,Boston,Weekly,2022-05-15,2022-05-21,5.87,"per 1,000,000 residents",20,NA
RSV,rsv cases,Citywide,Boston,Weekly,2022-05-22,2022-05-28,5.87,"per 1,000,000 residents",21,NA
RSV,rsv cases,Citywide,Boston,Weekly,2022-05-29,2022-06-04,11.74,"per 1,000,000 residents",22,NA
RSV,rsv cases,Citywide,Boston,Weekly,2022-06-05,2022-06-11,4.4,"per 1,000,000 residents",23,NA
RSV,rsv cases,Citywide,Boston,Weekly,2022-06-12,2022-06-18,10.27,"per 1,000,000 residents",24,NA
RSV,rsv cases,Citywide,Boston,Weekly,2022-06-19,2022-06-25,14.67,"per 1,000,000 residents",25,NA
RSV,rsv cases,Citywide,Boston,Weekly,2022-06-26,2022-07-02,13.2,"per 1,000,000 residents",26,NA
RSV,rsv cases,Citywide,Boston,Weekly,2022-07-03,2022-07-09,20.54,"per 1,000,000 residents",27,NA
RSV,rsv cases,Citywide,Boston,Weekly,2022-07-10,2022-07-16,7.34,"per 1,000,000 residents",28,NA
RSV,rsv cases,Citywide,Boston,Weekly,2022-07-17,2022-07-23,7.34,"per 1,000,000 residents",29,NA
RSV,rsv cases,Citywide,Boston,Weekly,2022-07-24,2022-07-30,19.07,"per 1,000,000 residents",30,NA
RSV,rsv cases,Citywide,Boston,Weekly,2022-07-31,2022-08-06,16.14,"per 1,000,000 residents",31,NA
RSV,rsv cases,Citywide,Boston,Weekly,2022-08-07,2022-08-13,29.34,"per 1,000,000 residents",32,NA
RSV,rsv cases,Citywide,Boston,Weekly,2022-08-14,2022-08-20,14.67,"per 1,000,000 residents",33,NA
RSV,rsv cases,Citywide,Boston,Weekly,2022-08-21,2022-08-27,14.67,"per 1,000,000 residents",34,NA
RSV,rsv cases,Citywide,Boston,Weekly,2022-08-28,2022-09-03,19.07,"per 1,000,000 residents",35,NA
RSV,rsv cases,Citywide,Boston,Weekly,2022-09-04,2022-09-10,35.21,"per 1,000,000 residents",36,NA
RSV,rsv cases,Citywide,Boston,Weekly,2022-09-11,2022-09-17,41.08,"per 1,000,000 residents",37,NA
RSV,rsv cases,Citywide,Boston,Weekly,2022-09-18,2022-09-24,41.08,"per 1,000,000 residents",38,NA
RSV,rsv cases,Citywide,Boston,Weekly,2022-09-25,2022-10-01,86.56,"per 1,000,000 residents",39,NA
RSV,rsv cases,Citywide,Boston,Weekly,2022-10-02,2022-10-08,117.37,"per 1,000,000 residents",40,NA
RSV,rsv cases,Citywide,Boston,Weekly,2022-10-09,2022-10-15,151.12,"per 1,000,000 residents",41,NA
RSV,rsv cases,Citywide,Boston,Weekly,2022-10-16,2022-10-22,195.13,"per 1,000,000 residents",42,NA
RSV,rsv cases,Citywide,Boston,Weekly,2022-10-23,2022-10-29,198.06,"per 1,000,000 residents",43,NA
RSV,rsv cases,Citywide,Boston,Weekly,2022-10-30,2022-11-05,206.87,"per 1,000,000 residents",44,NA
RSV,rsv cases,Citywide,Boston,Weekly,2022-11-06,2022-11-12,165.79,"per 1,000,000 residents",45,NA
RSV,rsv cases,Citywide,Boston,Weekly,2022-11-13,2022-11-19,156.98,"per 1,000,000 residents",46,NA
RSV,rsv cases,Citywide,Boston,Weekly,2022-11-20,2022-11-26,121.77,"per 1,000,000 residents",47,NA
RSV,rsv cases,Citywide,Boston,Weekly,2022-11-27,2022-12-03,105.63,"per 1,000,000 residents",48,NA
RSV,rsv cases,Citywide,Boston,Weekly,2022-12-04,2022-12-10,64.55,"per 1,000,000 residents",49,NA
RSV,rsv cases,Citywide,Boston,Weekly,2022-12-11,2022-12-17,39.61,"per 1,000,000 residents",50,NA
RSV,rsv cases,Citywide,Boston,Weekly,2022-12-18,2022-12-24,24.94,"per 1,000,000 residents",51,NA
RSV,rsv cases,Citywide,Boston,Weekly,2022-12-25,2022-12-31,30.81,"per 1,000,000 residents",52,NA
RSV,rsv cases,Citywide,Boston,Weekly,2023-01-01,2023-01-07,26.41,"per 1,000,000 residents",1,NA
RSV,rsv cases,Citywide,Boston,Weekly,2023-01-08,2023-01-14,8.8,"per 1,000,000 residents",2,NA
RSV,rsv cases,Citywide,Boston,Weekly,2023-01-15,2023-01-21,11.74,"per 1,000,000 residents",3,NA
RSV,rsv cases,Citywide,Boston,Weekly,2023-01-22,2023-01-28,13.2,"per 1,000,000 residents",4,NA
RSV,rsv cases,Citywide,Boston,Weekly,2023-01-29,2023-02-04,5.87,"per 1,000,000 residents",5,NA
RSV,rsv cases,Citywide,Boston,Weekly,2023-02-05,2023-02-11,7.34,"per 1,000,000 residents",6,NA
RSV,rsv cases,Citywide,Boston,Weekly,2023-02-12,2023-02-18,4.4,"per 1,000,000 residents",7,NA
RSV,rsv cases,Citywide,Boston,Weekly,2023-02-19,2023-02-25,1.47,"per 1,000,000 residents",8,NA
RSV,rsv cases,Citywide,Boston,Weekly,2023-02-26,2023-03-04,10.27,"per 1,000,000 residents",9,NA
RSV,rsv cases,Citywide,Boston,Weekly,2023-03-05,2023-03-11,2.93,"per 1,000,000 residents",10,NA
RSV,rsv cases,Citywide,Boston,Weekly,2023-03-12,2023-03-18,4.4,"per 1,000,000 residents",11,NA
RSV,rsv cases,Citywide,Boston,Weekly,2023-03-19,2023-03-25,2.93,"per 1,000,000 residents",12,NA
RSV,rsv cases,Citywide,Boston,Weekly,2023-03-26,2023-04-01,2.93,"per 1,000,000 residents",13,NA
RSV,rsv cases,Citywide,Boston,Weekly,2023-04-02,2023-04-08,2.93,"per 1,000,000 residents",14,NA
RSV,rsv cases,Citywide,Boston,Weekly,2023-04-09,2023-04-15,5.87,"per 1,000,000 residents",15,NA
RSV,rsv cases,Citywide,Boston,Weekly,2023-04-23,2023-04-29,1.47,"per 1,000,000 residents",17,NA
RSV,rsv cases,Citywide,Boston,Weekly,2023-04-30,2023-05-06,2.93,"per 1,000,000 residents",18,NA
RSV,rsv cases,Citywide,Boston,Weekly,2023-05-07,2023-05-13,1.47,"per 1,000,000 residents",19,NA
RSV,rsv cases,Citywide,Boston,Weekly,2023-05-21,2023-05-27,5.87,"per 1,000,000 residents",21,NA
RSV,rsv cases,Citywide,Boston,Weekly,2023-05-28,2023-06-03,1.47,"per 1,000,000 residents",22,NA
RSV,rsv cases,Citywide,Boston,Weekly,2023-06-11,2023-06-17,7.34,"per 1,000,000 residents",24,NA
RSV,rsv cases,Citywide,Boston,Weekly,2023-06-18,2023-06-24,2.93,"per 1,000,000 residents",25,NA
RSV,rsv cases,Citywide,Boston,Weekly,2023-06-25,2023-07-01,2.93,"per 1,000,000 residents",26,NA
RSV,rsv cases,Citywide,Boston,Weekly,2023-07-09,2023-07-15,1.47,"per 1,000,000 residents",28,NA
RSV,rsv cases,Citywide,Boston,Weekly,2023-07-16,2023-07-22,1.47,"per 1,000,000 residents",29,NA
RSV,rsv cases,Citywide,Boston,Weekly,2023-07-23,2023-07-29,1.47,"per 1,000,000 residents",30,NA
RSV,rsv cases,Citywide,Boston,Weekly,2023-07-30,2023-08-05,4.4,"per 1,000,000 residents",31,NA
RSV,rsv cases,Citywide,Boston,Weekly,2023-08-06,2023-08-12,1.47,"per 1,000,000 residents",32,NA
RSV,rsv cases,Citywide,Boston,Weekly,2023-08-13,2023-08-19,5.87,"per 1,000,000 residents",33,NA
RSV,rsv cases,Citywide,Boston,Weekly,2023-08-20,2023-08-26,5.87,"per 1,000,000 residents",34,NA
RSV,rsv cases,Citywide,Boston,Weekly,2023-08-27,2023-09-02,10.27,"per 1,000,000 residents",35,NA
RSV,rsv cases,Citywide,Boston,Weekly,2023-09-03,2023-09-09,13.2,"per 1,000,000 residents",36,NA
RSV,rsv cases,Citywide,Boston,Weekly,2023-09-10,2023-09-16,8.8,"per 1,000,000 residents",37,NA
RSV,rsv cases,Citywide,Boston,Weekly,2023-09-17,2023-09-23,20.54,"per 1,000,000 residents",38,NA
RSV,rsv cases,Citywide,Boston,Weekly,2023-09-24,2023-09-30,41.08,"per 1,000,000 residents",39,NA
RSV,rsv cases,Citywide,Boston,Weekly,2023-10-01,2023-10-07,35.21,"per 1,000,000 residents",40,NA
RSV,rsv cases,Citywide,Boston,Weekly,2023-10-08,2023-10-14,48.42,"per 1,000,000 residents",41,NA
RSV,rsv cases,Citywide,Boston,Weekly,2023-10-15,2023-10-21,71.89,"per 1,000,000 residents",42,NA
RSV,rsv cases,Citywide,Boston,Weekly,2023-10-22,2023-10-28,98.3,"per 1,000,000 residents",43,NA
RSV,rsv cases,Citywide,Boston,Weekly,2023-10-29,2023-11-04,123.24,"per 1,000,000 residents",44,NA
RSV,rsv cases,Citywide,Boston,Weekly,2023-11-05,2023-11-11,99.77,"per 1,000,000 residents",45,NA
RSV,rsv cases,Citywide,Boston,Weekly,2023-11-12,2023-11-18,129.11,"per 1,000,000 residents",46,NA
RSV,rsv cases,Citywide,Boston,Weekly,2023-11-19,2023-11-25,107.1,"per 1,000,000 residents",47,NA
RSV,rsv cases,Citywide,Boston,Weekly,2023-11-26,2023-12-02,121.77,"per 1,000,000 residents",48,NA
RSV,rsv cases,Citywide,Boston,Weekly,2023-12-03,2023-12-09,107.1,"per 1,000,000 residents",49,NA
RSV,rsv cases,Citywide,Boston,Weekly,2023-12-10,2023-12-16,85.09,"per 1,000,000 residents",50,NA
RSV,rsv cases,Citywide,Boston,Weekly,2023-12-17,2023-12-23,79.23,"per 1,000,000 residents",51,NA
RSV,rsv cases,Citywide,Boston,Weekly,2023-12-24,2023-12-30,74.82,"per 1,000,000 residents",52,NA
RSV,rsv cases,Citywide,Boston,Weekly,2023-12-31,2024-01-06,58.69,"per 1,000,000 residents",1,NA
RSV,rsv cases,Citywide,Boston,Weekly,2024-01-07,2024-01-13,46.95,"per 1,000,000 residents",2,NA
RSV,rsv cases,Citywide,Boston,Weekly,2024-01-14,2024-01-20,29.34,"per 1,000,000 residents",3,NA
RSV,rsv cases,Citywide,Boston,Weekly,2024-01-21,2024-01-27,16.14,"per 1,000,000 residents",4,NA
RSV,rsv cases,Citywide,Boston,Weekly,2024-01-28,2024-02-03,39.61,"per 1,000,000 residents",5,NA
RSV,rsv cases,Citywide,Boston,Weekly,2024-02-04,2024-02-10,23.47,"per 1,000,000 residents",6,NA
RSV,rsv cases,Citywide,Boston,Weekly,2024-02-11,2024-02-17,10.27,"per 1,000,000 residents",7,NA
RSV,RSV ED Visits,Citywide,Boston,Weekly,2017-12-31,2018-01-06,0.10695187165775401,percent,1,2017 - 2018
RSV,RSV ED Visits,Citywide,Boston,Weekly,2018-01-07,2018-01-13,0.09475679090334807,percent,2,2017 - 2018
RSV,RSV ED Visits,Citywide,Boston,Weekly,2018-01-14,2018-01-20,0.13996316758747698,percent,3,2017 - 2018
RSV,RSV ED Visits,Citywide,Boston,Weekly,2018-01-21,2018-01-27,0.0716024631247315,percent,4,2017 - 2018
RSV,RSV ED Visits,Citywide,Boston,Weekly,2018-01-28,2018-02-03,0.11626316509369443,percent,5,2017 - 2018
RSV,RSV ED Visits,Citywide,Boston,Weekly,2018-02-04,2018-02-10,0.09642537364832289,percent,6,2017 - 2018
RSV,RSV ED Visits,Citywide,Boston,Weekly,2018-02-11,2018-02-17,0.10809141445336627,percent,7,2017 - 2018
RSV,RSV ED Visits,Citywide,Boston,Weekly,2018-02-18,2018-02-24,0.08369201339072214,percent,8,2017 - 2018
RSV,RSV ED Visits,Citywide,Boston,Weekly,2018-02-25,2018-03-03,0.06894174422612892,percent,9,2017 - 2018
RSV,RSV ED Visits,Citywide,Boston,Weekly,2018-03-04,2018-03-10,0.0837871805613741,percent,10,2017 - 2018
RSV,RSV ED Visits,Citywide,Boston,Weekly,2018-03-11,2018-03-17,0.13886478042006598,percent,11,2017 - 2018
RSV,RSV ED Visits,Citywide,Boston,Weekly,2018-03-18,2018-03-24,0.04798464491362764,percent,12,2017 - 2018
RSV,RSV ED Visits,Citywide,Boston,Weekly,2018-03-25,2018-03-31,0.053304904051172705,percent,13,2017 - 2018
RSV,RSV ED Visits,Citywide,Boston,Weekly,2018-04-01,2018-04-07,0.08250825082508251,percent,14,2017 - 2018
RSV,RSV ED Visits,Citywide,Boston,Weekly,2018-04-08,2018-04-14,0.053869635482133235,percent,15,2017 - 2018
RSV,RSV ED Visits,Citywide,Boston,Weekly,2018-04-15,2018-04-21,0.05306447333510214,percent,16,2017 - 2018
RSV,RSV ED Visits,Citywide,Boston,Weekly,2018-04-22,2018-04-28,0.0503651473180559,percent,17,2017 - 2018
RSV,RSV ED Visits,Citywide,Boston,Weekly,2018-05-06,2018-05-12,0.04240882103477523,percent,19,2017 - 2018
RSV,RSV ED Visits,Citywide,Boston,Weekly,2018-06-10,2018-06-16,0.04595588235294117,percent,24,2017 - 2018
RSV,RSV ED Visits,Citywide,Boston,Weekly,2018-09-30,2018-10-06,0.0588235294117647,percent,40,2018 - 2019
RSV,RSV ED Visits,Citywide,Boston,Weekly,2018-10-07,2018-10-13,0.045433893684688774,percent,41,2018 - 2019
RSV,RSV ED Visits,Citywide,Boston,Weekly,2018-10-28,2018-11-03,0.05372011818426001,percent,44,2018 - 2019
RSV,RSV ED Visits,Citywide,Boston,Weekly,2018-11-04,2018-11-10,0.1014370245139476,percent,45,2018 - 2019
RSV,RSV ED Visits,Citywide,Boston,Weekly,2018-11-11,2018-11-17,0.09237875288683603,percent,46,2018 - 2019
RSV,RSV ED Visits,Citywide,Boston,Weekly,2018-11-18,2018-11-24,0.057290174735032943,percent,47,2018 - 2019
RSV,RSV ED Visits,Citywide,Boston,Weekly,2018-11-25,2018-12-01,0.06897740989825832,percent,48,2018 - 2019
RSV,RSV ED Visits,Citywide,Boston,Weekly,2018-12-02,2018-12-08,0.08592910848549946,percent,49,2018 - 2019
RSV,RSV ED Visits,Citywide,Boston,Weekly,2018-12-09,2018-12-15,0.13340448239060831,percent,50,2018 - 2019
RSV,RSV ED Visits,Citywide,Boston,Weekly,2018-12-16,2018-12-22,0.0932711525649567,percent,51,2018 - 2019
RSV,RSV ED Visits,Citywide,Boston,Weekly,2018-12-23,2018-12-29,0.15260186174271326,percent,52,2018 - 2019
RSV,RSV ED Visits,Citywide,Boston,Weekly,2018-12-30,2019-01-05,0.15193170308204312,percent,1,2018 - 2019
RSV,RSV ED Visits,Citywide,Boston,Weekly,2019-01-06,2019-01-12,0.13884068031933355,percent,2,2018 - 2019
RSV,RSV ED Visits,Citywide,Boston,Weekly,2019-01-13,2019-01-19,0.1345190942380988,percent,3,2018 - 2019
RSV,RSV ED Visits,Citywide,Boston,Weekly,2019-01-20,2019-01-26,0.1446439207010976,percent,4,2018 - 2019
RSV,RSV ED Visits,Citywide,Boston,Weekly,2019-01-27,2019-02-02,0.1246660730186999,percent,5,2018 - 2019
RSV,RSV ED Visits,Citywide,Boston,Weekly,2019-02-03,2019-02-09,0.1604542088373241,percent,6,2018 - 2019
RSV,RSV ED Visits,Citywide,Boston,Weekly,2019-02-10,2019-02-16,0.10240655401945725,percent,7,2018 - 2019
RSV,RSV ED Visits,Citywide,Boston,Weekly,2019-02-17,2019-02-23,0.07133394476714562,percent,8,2018 - 2019
RSV,RSV ED Visits,Citywide,Boston,Weekly,2019-02-24,2019-03-02,0.0546448087431694,percent,9,2018 - 2019
RSV,RSV ED Visits,Citywide,Boston,Weekly,2019-03-03,2019-03-09,0.07276696379843552,percent,10,2018 - 2019
RSV,RSV ED Visits,Citywide,Boston,Weekly,2019-03-10,2019-03-16,0.0662361318099023,percent,11,2018 - 2019
RSV,RSV ED Visits,Citywide,Boston,Weekly,2019-03-17,2019-03-23,0.08371002846140968,percent,12,2018 - 2019
RSV,RSV ED Visits,Citywide,Boston,Weekly,2019-03-24,2019-03-30,0.04626060138781804,percent,13,2018 - 2019
RSV,RSV ED Visits,Citywide,Boston,Weekly,2019-03-31,2019-04-06,0.13704888076747374,percent,14,2018 - 2019
RSV,RSV ED Visits,Citywide,Boston,Weekly,2019-04-07,2019-04-13,0.0663239927043608,percent,15,2018 - 2019
RSV,RSV ED Visits,Citywide,Boston,Weekly,2019-04-14,2019-04-20,0.049850448654037885,percent,16,2018 - 2019
RSV,RSV ED Visits,Citywide,Boston,Weekly,2019-04-28,2019-05-04,0.054779512462339086,percent,18,2018 - 2019
RSV,RSV ED Visits,Citywide,Boston,Weekly,2019-05-05,2019-05-11,0.046468401486988845,percent,19,2018 - 2019
RSV,RSV ED Visits,Citywide,Boston,Weekly,2019-05-19,2019-05-25,0.048947626040137054,percent,21,2018 - 2019
RSV,RSV ED Visits,Citywide,Boston,Weekly,2019-05-26,2019-06-01,0.0517063081695967,percent,22,2018 - 2019
RSV,RSV ED Visits,Citywide,Boston,Weekly,2019-06-09,2019-06-15,0.05102040816326531,percent,24,2018 - 2019
RSV,RSV ED Visits,Citywide,Boston,Weekly,2019-06-16,2019-06-22,0.08027829810008028,percent,25,2018 - 2019
RSV,RSV ED Visits,Citywide,Boston,Weekly,2019-06-30,2019-07-06,0.058479532163742694,percent,27,2018 - 2019
RSV,RSV ED Visits,Citywide,Boston,Weekly,2019-09-01,2019-09-07,0.04734848484848485,percent,36,2018 - 2019
RSV,RSV ED Visits,Citywide,Boston,Weekly,2019-09-08,2019-09-14,0.04887585532746823,percent,37,2018 - 2019
RSV,RSV ED Visits,Citywide,Boston,Weekly,2019-09-22,2019-09-28,0.04404316229905307,percent,39,2018 - 2019
RSV,RSV ED Visits,Citywide,Boston,Weekly,2019-10-06,2019-10-12,0.05151983513652757,percent,41,2019 - 2020
RSV,RSV ED Visits,Citywide,Boston,Weekly,2019-10-20,2019-10-26,0.07179781734635267,percent,43,2019 - 2020
RSV,RSV ED Visits,Citywide,Boston,Weekly,2019-10-27,2019-11-02,0.06336131791541265,percent,44,2019 - 2020
RSV,RSV ED Visits,Citywide,Boston,Weekly,2019-11-03,2019-11-09,0.09084485717169678,percent,45,2019 - 2020
RSV,RSV ED Visits,Citywide,Boston,Weekly,2019-11-10,2019-11-16,0.12584203123843363,percent,46,2019 - 2020
RSV,RSV ED Visits,Citywide,Boston,Weekly,2019-11-17,2019-11-23,0.09124087591240876,percent,47,2019 - 2020
RSV,RSV ED Visits,Citywide,Boston,Weekly,2019-11-24,2019-11-30,0.08750437521876094,percent,48,2019 - 2020
RSV,RSV ED Visits,Citywide,Boston,Weekly,2019-12-01,2019-12-07,0.16273393002441008,percent,49,2019 - 2020
RSV,RSV ED Visits,Citywide,Boston,Weekly,2019-12-08,2019-12-14,0.17674089784376104,percent,50,2019 - 2020
RSV,RSV ED Visits,Citywide,Boston,Weekly,2019-12-15,2019-12-21,0.1763668430335097,percent,51,2019 - 2020
RSV,RSV ED Visits,Citywide,Boston,Weekly,2019-12-22,2019-12-28,0.285628382441371,percent,52,2019 - 2020
RSV,RSV ED Visits,Citywide,Boston,Weekly,2019-12-29,2020-01-04,0.24275211541129144,percent,1,2019 - 2020
RSV,RSV ED Visits,Citywide,Boston,Weekly,2020-01-05,2020-01-11,0.15635622025832766,percent,2,2019 - 2020
RSV,RSV ED Visits,Citywide,Boston,Weekly,2020-01-12,2020-01-18,0.16883573689764333,percent,3,2019 - 2020
RSV,RSV ED Visits,Citywide,Boston,Weekly,2020-01-19,2020-01-25,0.13442667025137786,percent,4,2019 - 2020
RSV,RSV ED Visits,Citywide,Boston,Weekly,2020-01-26,2020-02-01,0.18644194197926764,percent,5,2019 - 2020
RSV,RSV ED Visits,Citywide,Boston,Weekly,2020-02-02,2020-02-08,0.1425784181299715,percent,6,2019 - 2020
RSV,RSV ED Visits,Citywide,Boston,Weekly,2020-02-09,2020-02-15,0.17128175849272054,percent,7,2019 - 2020
RSV,RSV ED Visits,Citywide,Boston,Weekly,2020-02-16,2020-02-22,0.11507479861910241,percent,8,2019 - 2020
RSV,RSV ED Visits,Citywide,Boston,Weekly,2020-02-23,2020-02-29,0.08588605782994561,percent,9,2019 - 2020
RSV,RSV ED Visits,Citywide,Boston,Weekly,2020-03-01,2020-03-07,0.061289531747977445,percent,10,2019 - 2020
RSV,RSV ED Visits,Citywide,Boston,Weekly,2020-03-08,2020-03-14,0.080757653623082,percent,11,2019 - 2020
RSV,RSV ED Visits,Citywide,Boston,Weekly,2020-03-15,2020-03-21,0.12950971322849214,percent,12,2019 - 2020
RSV,RSV ED Visits,Citywide,Boston,Weekly,2020-03-22,2020-03-28,0.1477377654662973,percent,13,2019 - 2020
RSV,RSV ED Visits,Citywide,Boston,Weekly,2020-03-29,2020-04-04,0.09950248756218905,percent,14,2019 - 2020
RSV,RSV ED Visits,Citywide,Boston,Weekly,2020-09-27,2020-10-03,0.057836899942163095,percent,40,2020 - 2021
RSV,RSV ED Visits,Citywide,Boston,Weekly,2020-10-04,2020-10-10,0.05824111822947001,percent,41,2020 - 2021
RSV,RSV ED Visits,Citywide,Boston,Weekly,2020-11-29,2020-12-05,0.06830601092896176,percent,49,2020 - 2021
RSV,RSV ED Visits,Citywide,Boston,Weekly,2020-12-06,2020-12-12,0.0757002271006813,percent,50,2020 - 2021
RSV,RSV ED Visits,Citywide,Boston,Weekly,2020-12-27,2021-01-02,0.07077140835102619,percent,53,2020 - 2021
RSV,RSV ED Visits,Citywide,Boston,Weekly,2021-02-21,2021-02-27,0.06261740763932373,percent,8,2020 - 2021
RSV,RSV ED Visits,Citywide,Boston,Weekly,2021-02-28,2021-03-06,0.08340283569641367,percent,9,2020 - 2021
RSV,RSV ED Visits,Citywide,Boston,Weekly,2021-03-07,2021-03-13,0.06377551020408163,percent,10,2020 - 2021
RSV,RSV ED Visits,Citywide,Boston,Weekly,2021-03-14,2021-03-20,0.0652954619653934,percent,11,2020 - 2021
RSV,RSV ED Visits,Citywide,Boston,Weekly,2021-03-21,2021-03-27,0.06072874493927126,percent,12,2020 - 2021
RSV,RSV ED Visits,Citywide,Boston,Weekly,2021-04-04,2021-04-10,0.06404098623118795,percent,14,2020 - 2021
RSV,RSV ED Visits,Citywide,Boston,Weekly,2021-04-18,2021-04-24,0.058513750731421885,percent,16,2020 - 2021
RSV,RSV ED Visits,Citywide,Boston,Weekly,2021-04-25,2021-05-01,0.05436259853220984,percent,17,2020 - 2021
RSV,RSV ED Visits,Citywide,Boston,Weekly,2021-05-09,2021-05-15,0.07782101167315175,percent,19,2020 - 2021
RSV,RSV ED Visits,Citywide,Boston,Weekly,2021-06-06,2021-06-12,0.05053057099545225,percent,23,2020 - 2021
RSV,RSV ED Visits,Citywide,Boston,Weekly,2021-06-13,2021-06-19,0.05211047420531526,percent,24,2020 - 2021
RSV,RSV ED Visits,Citywide,Boston,Weekly,2021-06-20,2021-06-26,0.07233646791360959,percent,25,2020 - 2021
RSV,RSV ED Visits,Citywide,Boston,Weekly,2021-06-27,2021-07-03,0.04987531172069825,percent,26,2020 - 2021
RSV,RSV ED Visits,Citywide,Boston,Weekly,2021-07-04,2021-07-10,0.11776581426648722,percent,27,2020 - 2021
RSV,RSV ED Visits,Citywide,Boston,Weekly,2021-07-11,2021-07-17,0.06756756756756757,percent,28,2020 - 2021
RSV,RSV ED Visits,Citywide,Boston,Weekly,2021-07-18,2021-07-24,0.07225955632632415,percent,29,2020 - 2021
RSV,RSV ED Visits,Citywide,Boston,Weekly,2021-07-25,2021-07-31,0.1568403792685535,percent,30,2020 - 2021
RSV,RSV ED Visits,Citywide,Boston,Weekly,2021-08-01,2021-08-07,0.12989824637367395,percent,31,2020 - 2021
RSV,RSV ED Visits,Citywide,Boston,Weekly,2021-08-08,2021-08-14,0.12242546449661529,percent,32,2020 - 2021
RSV,RSV ED Visits,Citywide,Boston,Weekly,2021-08-15,2021-08-21,0.2065404475043029,percent,33,2020 - 2021
RSV,RSV ED Visits,Citywide,Boston,Weekly,2021-08-22,2021-08-28,0.22527432599375044,percent,34,2020 - 2021
RSV,RSV ED Visits,Citywide,Boston,Weekly,2021-08-29,2021-09-04,0.38913362701908955,percent,35,2020 - 2021
RSV,RSV ED Visits,Citywide,Boston,Weekly,2021-09-05,2021-09-11,0.26697452918681003,percent,36,2020 - 2021
RSV,RSV ED Visits,Citywide,Boston,Weekly,2021-09-12,2021-09-18,0.2063322660974742,percent,37,2020 - 2021
RSV,RSV ED Visits,Citywide,Boston,Weekly,2021-09-19,2021-09-25,0.23685127133402997,percent,38,2020 - 2021
RSV,RSV ED Visits,Citywide,Boston,Weekly,2021-09-26,2021-10-02,0.2759694310784036,percent,39,2020 - 2021
RSV,RSV ED Visits,Citywide,Boston,Weekly,2021-10-03,2021-10-09,0.20475887876862248,percent,40,2021 - 2022
RSV,RSV ED Visits,Citywide,Boston,Weekly,2021-10-10,2021-10-16,0.32947774272695407,percent,41,2021 - 2022
RSV,RSV ED Visits,Citywide,Boston,Weekly,2021-10-17,2021-10-23,0.394005487933582,percent,42,2021 - 2022
RSV,RSV ED Visits,Citywide,Boston,Weekly,2021-10-24,2021-10-30,0.16126555060666564,percent,43,2021 - 2022
RSV,RSV ED Visits,Citywide,Boston,Weekly,2021-10-31,2021-11-06,0.2070393374741201,percent,44,2021 - 2022
RSV,RSV ED Visits,Citywide,Boston,Weekly,2021-11-07,2021-11-13,0.24786760953561274,percent,45,2021 - 2022
RSV,RSV ED Visits,Citywide,Boston,Weekly,2021-11-14,2021-11-20,0.2485561810073836,percent,46,2021 - 2022
RSV,RSV ED Visits,Citywide,Boston,Weekly,2021-11-21,2021-11-27,0.16743741030138734,percent,47,2021 - 2022
RSV,RSV ED Visits,Citywide,Boston,Weekly,2021-11-28,2021-12-04,0.1908262067990671,percent,48,2021 - 2022
RSV,RSV ED Visits,Citywide,Boston,Weekly,2021-12-05,2021-12-11,0.14033349843156678,percent,49,2021 - 2022
RSV,RSV ED Visits,Citywide,Boston,Weekly,2021-12-12,2021-12-18,0.13675488697610813,percent,50,2021 - 2022
RSV,RSV ED Visits,Citywide,Boston,Weekly,2021-12-19,2021-12-25,0.11821601289629233,percent,51,2021 - 2022
RSV,RSV ED Visits,Citywide,Boston,Weekly,2021-12-26,2022-01-01,0.12270731077241023,percent,52,2021 - 2022
RSV,RSV ED Visits,Citywide,Boston,Weekly,2022-01-02,2022-01-08,0.05964214711729623,percent,1,2021 - 2022
RSV,RSV ED Visits,Citywide,Boston,Weekly,2022-01-09,2022-01-15,0.12026458208057728,percent,2,2021 - 2022
RSV,RSV ED Visits,Citywide,Boston,Weekly,2022-01-16,2022-01-22,0.10458063166701526,percent,3,2021 - 2022
RSV,RSV ED Visits,Citywide,Boston,Weekly,2022-01-23,2022-01-29,0.12836970474967907,percent,4,2021 - 2022
RSV,RSV ED Visits,Citywide,Boston,Weekly,2022-01-30,2022-02-05,0.11385816525699415,percent,5,2021 - 2022
RSV,RSV ED Visits,Citywide,Boston,Weekly,2022-02-06,2022-02-12,0.05425935973955508,percent,6,2021 - 2022
RSV,RSV ED Visits,Citywide,Boston,Weekly,2022-02-13,2022-02-19,0.11135857461024498,percent,7,2021 - 2022
RSV,RSV ED Visits,Citywide,Boston,Weekly,2022-02-27,2022-03-05,0.05716463414634146,percent,9,2021 - 2022
RSV,RSV ED Visits,Citywide,Boston,Weekly,2022-03-06,2022-03-12,0.06510416666666666,percent,10,2021 - 2022
RSV,RSV ED Visits,Citywide,Boston,Weekly,2022-03-20,2022-03-26,0.07043493572812115,percent,12,2021 - 2022
RSV,RSV ED Visits,Citywide,Boston,Weekly,2022-03-27,2022-04-02,0.059844404548174746,percent,13,2021 - 2022
RSV,RSV ED Visits,Citywide,Boston,Weekly,2022-04-03,2022-04-09,0.05871990604815032,percent,14,2021 - 2022
RSV,RSV ED Visits,Citywide,Boston,Weekly,2022-04-10,2022-04-16,0.055944055944055944,percent,15,2021 - 2022
RSV,RSV ED Visits,Citywide,Boston,Weekly,2022-04-17,2022-04-23,0.11142061281337048,percent,16,2021 - 2022
RSV,RSV ED Visits,Citywide,Boston,Weekly,2022-04-24,2022-04-30,0.060551014229488345,percent,17,2021 - 2022
RSV,RSV ED Visits,Citywide,Boston,Weekly,2022-05-01,2022-05-07,0.06010217369528198,percent,18,2021 - 2022
RSV,RSV ED Visits,Citywide,Boston,Weekly,2022-05-08,2022-05-14,0.057449253159708925,percent,19,2021 - 2022
RSV,RSV ED Visits,Citywide,Boston,Weekly,2022-05-15,2022-05-21,0.0641333974667308,percent,20,2021 - 2022
RSV,RSV ED Visits,Citywide,Boston,Weekly,2022-05-22,2022-05-28,0.06318117201074079,percent,21,2021 - 2022
RSV,RSV ED Visits,Citywide,Boston,Weekly,2022-05-29,2022-06-04,0.10516629420270804,percent,22,2021 - 2022
RSV,RSV ED Visits,Citywide,Boston,Weekly,2022-06-05,2022-06-11,0.050175614651279475,percent,23,2021 - 2022
RSV,RSV ED Visits,Citywide,Boston,Weekly,2022-06-12,2022-06-18,0.08539709649871904,percent,24,2021 - 2022
RSV,RSV ED Visits,Citywide,Boston,Weekly,2022-06-19,2022-06-25,0.08571183680466272,percent,25,2021 - 2022
RSV,RSV ED Visits,Citywide,Boston,Weekly,2022-06-26,2022-07-02,0.08848687444695703,percent,26,2021 - 2022
RSV,RSV ED Visits,Citywide,Boston,Weekly,2022-07-03,2022-07-09,0.12362030905077262,percent,27,2021 - 2022
RSV,RSV ED Visits,Citywide,Boston,Weekly,2022-07-10,2022-07-16,0.059340137669119386,percent,28,2021 - 2022
RSV,RSV ED Visits,Citywide,Boston,Weekly,2022-07-17,2022-07-23,0.08231807704972012,percent,29,2021 - 2022
RSV,RSV ED Visits,Citywide,Boston,Weekly,2022-07-24,2022-07-30,0.10862299465240642,percent,30,2021 - 2022
RSV,RSV ED Visits,Citywide,Boston,Weekly,2022-07-31,2022-08-06,0.09206561767659859,percent,31,2021 - 2022
RSV,RSV ED Visits,Citywide,Boston,Weekly,2022-08-07,2022-08-13,0.14438348252959862,percent,32,2021 - 2022
RSV,RSV ED Visits,Citywide,Boston,Weekly,2022-08-14,2022-08-20,0.12607160867372666,percent,33,2021 - 2022
RSV,RSV ED Visits,Citywide,Boston,Weekly,2022-08-21,2022-08-27,0.08219628472793031,percent,34,2021 - 2022
RSV,RSV ED Visits,Citywide,Boston,Weekly,2022-08-28,2022-09-03,0.11098779134295228,percent,35,2021 - 2022
RSV,RSV ED Visits,Citywide,Boston,Weekly,2022-09-04,2022-09-10,0.24788266887006816,percent,36,2021 - 2022
RSV,RSV ED Visits,Citywide,Boston,Weekly,2022-09-11,2022-09-17,0.19253248985766347,percent,37,2021 - 2022
RSV,RSV ED Visits,Citywide,Boston,Weekly,2022-09-18,2022-09-24,0.19479615973285097,percent,38,2021 - 2022
RSV,RSV ED Visits,Citywide,Boston,Weekly,2022-09-25,2022-10-01,0.4068965517241379,percent,39,2021 - 2022
RSV,RSV ED Visits,Citywide,Boston,Weekly,2022-10-02,2022-10-08,0.5503198734264291,percent,40,2022 - 2023
RSV,RSV ED Visits,Citywide,Boston,Weekly,2022-10-09,2022-10-15,0.7115225200331583,percent,41,2022 - 2023
RSV,RSV ED Visits,Citywide,Boston,Weekly,2022-10-16,2022-10-22,0.8993778739518529,percent,42,2022 - 2023
RSV,RSV ED Visits,Citywide,Boston,Weekly,2022-10-23,2022-10-29,0.9154404285617413,percent,43,2022 - 2023
RSV,RSV ED Visits,Citywide,Boston,Weekly,2022-10-30,2022-11-05,0.9411921767572258,percent,44,2022 - 2023
RSV,RSV ED Visits,Citywide,Boston,Weekly,2022-11-06,2022-11-12,0.7591535102452133,percent,45,2022 - 2023
RSV,RSV ED Visits,Citywide,Boston,Weekly,2022-11-13,2022-11-19,0.7578977192236861,percent,46,2022 - 2023
RSV,RSV ED Visits,Citywide,Boston,Weekly,2022-11-20,2022-11-26,0.6455627284747608,percent,47,2022 - 2023
RSV,RSV ED Visits,Citywide,Boston,Weekly,2022-11-27,2022-12-03,0.46529662659945714,percent,48,2022 - 2023
RSV,RSV ED Visits,Citywide,Boston,Weekly,2022-12-04,2022-12-10,0.2885056717592289,percent,49,2022 - 2023
RSV,RSV ED Visits,Citywide,Boston,Weekly,2022-12-11,2022-12-17,0.1860401019775374,percent,50,2022 - 2023
RSV,RSV ED Visits,Citywide,Boston,Weekly,2022-12-18,2022-12-24,0.1261127596439169,percent,51,2022 - 2023
RSV,RSV ED Visits,Citywide,Boston,Weekly,2022-12-25,2022-12-31,0.1584546895042632,percent,52,2022 - 2023
RSV,RSV ED Visits,Citywide,Boston,Weekly,2023-01-01,2023-01-07,0.14978780061579428,percent,1,2022 - 2023
RSV,RSV ED Visits,Citywide,Boston,Weekly,2023-01-08,2023-01-14,0.1097494055240534,percent,2,2022 - 2023
RSV,RSV ED Visits,Citywide,Boston,Weekly,2023-01-15,2023-01-21,0.10580611030286999,percent,3,2022 - 2023
RSV,RSV ED Visits,Citywide,Boston,Weekly,2023-01-22,2023-01-28,0.0942704514507175,percent,4,2022 - 2023
RSV,RSV ED Visits,Citywide,Boston,Weekly,2023-01-29,2023-02-04,0.08071025020177562,percent,5,2022 - 2023
RSV,RSV ED Visits,Citywide,Boston,Weekly,2023-02-05,2023-02-11,0.07980845969672785,percent,6,2022 - 2023
RSV,RSV ED Visits,Citywide,Boston,Weekly,2023-02-12,2023-02-18,0.05097706032285472,percent,7,2022 - 2023
RSV,RSV ED Visits,Citywide,Boston,Weekly,2023-02-19,2023-02-25,0.050864699898270596,percent,8,2022 - 2023
RSV,RSV ED Visits,Citywide,Boston,Weekly,2023-02-26,2023-03-04,0.08580534444716843,percent,9,2022 - 2023
RSV,RSV ED Visits,Citywide,Boston,Weekly,2023-03-05,2023-03-11,0.08684324793747286,percent,10,2022 - 2023
RSV,RSV ED Visits,Citywide,Boston,Weekly,2023-03-12,2023-03-18,0.07598784194528875,percent,11,2022 - 2023
RSV,RSV ED Visits,Citywide,Boston,Weekly,2023-03-19,2023-03-25,0.04460303300624443,percent,12,2022 - 2023
RSV,RSV ED Visits,Citywide,Boston,Weekly,2023-03-26,2023-04-01,0.05070993914807302,percent,13,2022 - 2023
RSV,RSV ED Visits,Citywide,Boston,Weekly,2023-04-02,2023-04-08,0.045714285714285714,percent,14,2022 - 2023
RSV,RSV ED Visits,Citywide,Boston,Weekly,2023-04-09,2023-04-15,0.06252931061435048,percent,15,2022 - 2023
RSV,RSV ED Visits,Citywide,Boston,Weekly,2023-04-23,2023-04-29,0.04748338081671415,percent,17,2022 - 2023
RSV,RSV ED Visits,Citywide,Boston,Weekly,2023-04-30,2023-05-06,0.05370569280343716,percent,18,2022 - 2023
RSV,RSV ED Visits,Citywide,Boston,Weekly,2023-05-07,2023-05-13,0.04440497335701599,percent,19,2022 - 2023
RSV,RSV ED Visits,Citywide,Boston,Weekly,2023-05-21,2023-05-27,0.04776119402985075,percent,21,2022 - 2023
RSV,RSV ED Visits,Citywide,Boston,Weekly,2023-05-28,2023-06-03,0.055586436909394105,percent,22,2022 - 2023
RSV,RSV ED Visits,Citywide,Boston,Weekly,2023-06-11,2023-06-17,0.058418039490594695,percent,24,2022 - 2023
RSV,RSV ED Visits,Citywide,Boston,Weekly,2023-06-18,2023-06-24,0.04950495049504951,percent,25,2022 - 2023
RSV,RSV ED Visits,Citywide,Boston,Weekly,2023-06-25,2023-07-01,0.04850836769342712,percent,26,2022 - 2023
RSV,RSV ED Visits,Citywide,Boston,Weekly,2023-07-09,2023-07-15,0.04452359750667854,percent,28,2022 - 2023
RSV,RSV ED Visits,Citywide,Boston,Weekly,2023-07-16,2023-07-22,0.0564652738565782,percent,29,2022 - 2023
RSV,RSV ED Visits,Citywide,Boston,Weekly,2023-07-23,2023-07-29,0.05892751915144372,percent,30,2022 - 2023
RSV,RSV ED Visits,Citywide,Boston,Weekly,2023-07-30,2023-08-05,0.051168343851270684,percent,31,2022 - 2023
RSV,RSV ED Visits,Citywide,Boston,Weekly,2023-08-06,2023-08-12,0.043215211754537596,percent,32,2022 - 2023
RSV,RSV ED Visits,Citywide,Boston,Weekly,2023-08-13,2023-08-19,0.06533812479581835,percent,33,2022 - 2023
RSV,RSV ED Visits,Citywide,Boston,Weekly,2023-08-20,2023-08-26,0.06409229290177856,percent,34,2022 - 2023
RSV,RSV ED Visits,Citywide,Boston,Weekly,2023-08-27,2023-09-02,0.0884732052578362,percent,35,2022 - 2023
RSV,RSV ED Visits,Citywide,Boston,Weekly,2023-09-03,2023-09-09,0.08757419480393111,percent,36,2022 - 2023
RSV,RSV ED Visits,Citywide,Boston,Weekly,2023-09-10,2023-09-16,0.05715374357020385,percent,37,2022 - 2023
RSV,RSV ED Visits,Citywide,Boston,Weekly,2023-09-17,2023-09-23,0.10889856876166772,percent,38,2022 - 2023
RSV,RSV ED Visits,Citywide,Boston,Weekly,2023-09-24,2023-09-30,0.19813189923577695,percent,39,2022 - 2023
RSV,RSV ED Visits,Citywide,Boston,Weekly,2023-10-01,2023-10-07,0.16049217600641968,percent,40,2023 - 2024
RSV,RSV ED Visits,Citywide,Boston,Weekly,2023-10-08,2023-10-14,0.22886469241972396,percent,41,2023 - 2024
RSV,RSV ED Visits,Citywide,Boston,Weekly,2023-10-15,2023-10-21,0.33005523373299206,percent,42,2023 - 2024
RSV,RSV ED Visits,Citywide,Boston,Weekly,2023-10-22,2023-10-28,0.4496644295302013,percent,43,2023 - 2024
RSV,RSV ED Visits,Citywide,Boston,Weekly,2023-10-29,2023-11-04,0.57636887608069165,percent,44,2023 - 2024
RSV,RSV ED Visits,Citywide,Boston,Weekly,2023-11-05,2023-11-11,0.468190581107133,percent,45,2023 - 2024
RSV,RSV ED Visits,Citywide,Boston,Weekly,2023-11-12,2023-11-18,0.6040637012630422,percent,46,2023 - 2024
RSV,RSV ED Visits,Citywide,Boston,Weekly,2023-11-19,2023-11-25,0.5448574414091656,percent,47,2023 - 2024
RSV,RSV ED Visits,Citywide,Boston,Weekly,2023-11-26,2023-12-02,0.5442979867532297,percent,48,2023 - 2024
RSV,RSV ED Visits,Citywide,Boston,Weekly,2023-12-03,2023-12-09,0.4900315499765054,percent,49,2023 - 2024
RSV,RSV ED Visits,Citywide,Boston,Weekly,2023-12-10,2023-12-16,0.3869762476647985,percent,50,2023 - 2024
RSV,RSV ED Visits,Citywide,Boston,Weekly,2023-12-17,2023-12-23,0.382463347262554,percent,51,2023 - 2024
RSV,RSV ED Visits,Citywide,Boston,Weekly,2023-12-24,2023-12-30,0.36324786324786323,percent,52,2023 - 2024
RSV,RSV ED Visits,Citywide,Boston,Weekly,2023-12-31,2024-01-06,0.2681144848850459,percent,1,2023 - 2024
RSV,RSV ED Visits,Citywide,Boston,Weekly,2024-01-07,2024-01-13,0.22180633534345326,percent,2,2023 - 2024
RSV,RSV ED Visits,Citywide,Boston,Weekly,2024-01-14,2024-01-20,0.14361625736033318,percent,3,2023 - 2024
RSV,RSV ED Visits,Citywide,Boston,Weekly,2024-01-21,2024-01-27,0.09337860780984719,percent,4,2023 - 2024
RSV,RSV ED Visits,Citywide,Boston,Weekly,2024-01-28,2024-02-03,0.1880615727519677,percent,5,2023 - 2024
RSV,RSV ED Visits,Citywide,Boston,Weekly,2024-02-04,2024-02-10,0.1564333202972233,percent,6,2023 - 2024
RSV,RSV ED Visits,Citywide,Boston,Weekly,2024-02-11,2024-02-17,0.0687217749852739,percent,7,2023 - 2024
